lat,lng,"count"
45.502079010009769,-73.56201171875,133677
"45.52000045776367","-73.56999969482422",11852
"46.814300537109378","-71.20818328857422",8016
"45.55683898925781","-73.49607849121094",3705
"45.60660171508789","-73.71240234375",3623
"45.76250076293945","-73.43850708007813",2920
"45.69300079345703","-73.63310241699219",2857
"45.384090423583987","-73.55934143066406",2326
"49.25362014770508","-122.908447265625",2299
"19.076000213623048","72.87770080566406",2209
"46.3408203125","-72.54525756835938",2030
"45.4627799987793","-73.29151153564453",1985
"49.87799072265625","-119.36373138427735",1833
"46.909469604492198","-71.32685089111328",1797
"43.65349960327149","-79.38390350341797",1748
"45.52299880981445","-73.7322006225586",1580
"45.42539978027344","-72.73631286621094",1439
"45.44160842895508","-73.74030303955078",1432
"17.385000228881837","78.48670196533203",1419
"45.33401107788086","-73.26624298095702",1373
"45.435420989990237","-73.17401123046875",1305
"53.54100036621094","-113.49400329589844",1174
"43.70317077636719","-79.51219177246094",1145
"45.57793045043945","-73.78793334960938",1106
"53.58702087402344","-113.4408721923828",1082
"45.58634948730469","-73.43315124511719",1018
"12.981399536132813","80.24320220947266",986
"46.78472137451172","-71.15435028076172",963
"46.7661018371582","23.5793399810791",920
"45.691131591796878","-73.43121337890625",915
"17.512300491333009","78.50789642333985",849
"45.755069732666019","-73.59591674804688",848
"45.433841705322269","-73.83064270019531",829
"45.40782928466797","-73.49684143066406",810
"18.52039909362793","73.85669708251953",803
"49.29270935058594","-123.04773712158205",788
"28.635299682617189","77.2249984741211",776
"45.63801956176758","-72.97216796875",765
"51.04999923706055","-114.05999755859377",723
"43.78009033203125","-79.7402114868164",660
"45.72982025146485","-73.67637634277344",652
"49.89345932006836","-97.00115966796877",647
"45.41878128051758","-74.05242919921875",631
"45.47692108154297","-73.49923706054688",630
"28.45949935913086","77.02660369873047",603
"17.481000900268556","78.47090148925781",588
"45.49835968017578","-73.626953125",575
"46.63212966918945","-72.71613311767578",563
"17.49799919128418","78.46219635009767",563
"45.42205047607422","-71.8782730102539",562
"49.27527618408203","-123.13249969482422",555
"19.18090057373047","72.85749816894531",540
"45.60300064086914","-73.59609985351563",531
"45.30604934692382","-73.2528076171875",530
"45.49774932861328","-73.51455688476563",511
"45.28276062011719","-72.13385772705078",476
"41.853271484375","-71.86434173583985",475
"43.69702911376953","-79.65017700195313",470
"49.13359832763672","-122.63117218017578",437
"45.98141860961914","-74.09317016601563",430
"46.104679107666019","-64.77445983886719",419
"19.229900360107427","73.1614990234375",415
"45.451698303222659","-73.55460357666016",412
"45.31327819824219","-73.96881103515625",409
"52.245628356933597","-113.79136657714844",404
"45.57889175415039","-73.3391876220703",403
"29.0","-82.47000122070313",399
"45.37919998168945","-73.60489654541016",396
"49.28226089477539","-122.79740142822266",395
"46.86457061767578","-71.26509094238281",394
"46.85940933227539","-71.40635681152344",389
"55.0","-125.0",383
"49.22129821777344","-68.15039825439453",381
"45.50559997558594","-73.76709747314453",366
"42.442138671875","-73.21804809570313",366
"45.57788848876953","-73.18319702148438",362
"49.82899856567382","-119.62899780273436",361
"46.3386116027832","-72.56444549560547",361
"48.83388900756836","-67.54000091552735",354
"19.07900047302246","72.9020004272461",352
"46.860801696777347","-71.18869018554688",341
"45.90193176269531","-73.99854278564453",339
"46.766700744628909","23.58329963684082",331
"45.44422912597656","-75.69277954101563",324
"18.55970001220703","73.77989959716797",320
"43.7257194519043","-79.3031997680664",318
"43.21665954589844","-79.64727020263672",312
"42.9075813293457","-78.81912994384764",305
"46.08367156982422","-73.18476104736328",304
"45.4630012512207","-73.58186340332033",300
"45.27690887451172","-72.988037109375",299
"45.40359878540039","-73.47978210449219",297
"47.85103988647461","-69.5414810180664",294
"45.01691818237305","-74.72183990478516",294
"45.44020080566406","-73.63749694824219",287
"46.22599029541016","-72.61894226074219",284
"45.33462142944336","-72.67711639404299",277
"45.46070098876953","-73.46089172363281",276
"52.268890380859378","-113.81166839599608",276
"45.64764022827149","-73.8100814819336",271
"49.89400100708008","-97.13999938964845",270
"45.26704025268555","-74.14360046386719",260
"46.21269989013672","-74.58799743652344",255
"42.45199966430664","-73.25199890136719",248
"48.3708381652832","-71.51038360595703",246
"45.537078857421878","-73.67884063720702",243
"45.306251525878909","-73.85370635986328",238
"49.5","-119.58999633789063",236
"42.48918914794922","-70.96894073486328",232
"45.951290130615237","-73.84941101074219",224
"46.66999816894531","-71.7300033569336",216
"43.87316131591797","-79.2615966796875",209
"45.47959899902344","-73.4030990600586",206
"44.67499923706055","-76.39832305908203",204
"18.55900001525879","73.7779998779297",204
"12.946000099182128","77.38990020751953",203
"45.88447189331055","-72.48404693603516",201
"33.43899917602539","-84.55660247802735",198
"19.24370002746582","73.135498046875",194
"45.53919982910156","-73.48724365234375",192
"45.73849105834961","-74.13580322265625",186
"45.28636169433594","-66.04936218261719",186
"45.2051887512207","-72.74655151367188",179
"45.44382858276367","-73.24736022949219",176
"45.95384979248047","-73.57888793945313",175
"45.537330627441409","-73.9113998413086",174
"18.672500610351564","78.09410095214844",173
"34.939998626708987","-79.76100158691406",172
"47.04436111450195","-70.8956298828125",170
"23.727100372314454","92.71759796142578",164
"45.564640045166019","-73.65538024902344",163
"49.264801025390628","-123.25563049316406",160
"46.676300048828128","-71.7125015258789",158
"13.05239963531494","80.25080108642578",157
"51.06283187866211","-113.88871002197266",152
"17.476999282836915","78.48799896240233",148
"18.54700088500977","73.76499938964844",147
"41.37120056152344","-72.93971252441406",146
"45.33164978027344","-73.27189636230469",145
"30.218849182128904","-81.75698852539063",142
"12.95639991760254","77.22509765625",136
"28.61050033569336","77.38410186767578",135
"49.099998474121097","-122.65000152587892",134
"46.80971908569336","-71.24555969238281",130
"48.852508544921878","-67.5184097290039",129
"45.37879943847656","-73.98063659667968",127
"43.843650817871097","-79.40194702148438",125
"41.33995056152344","-72.90184783935547",124
"12.962300300598145","80.19860076904299",124
"29.316699981689454","76.31670379638672",123
"45.547000885009769","-73.2168197631836",123
"19.07939910888672","72.99919891357422",114
"12.971599578857422","77.59459686279299",114
"49.8974494934082","-119.49098205566406",113
"28.82320976257324","78.15786743164063",112
"45.41999816894531","-75.70999908447266",111
"45.46234130859375","-73.77056884765625",111
"46.0","2.0",111
"42.44839096069336","-73.25675201416016",109
"28.435279846191408","-81.3462905883789",108
"43.54859924316406","-79.62640380859375",105
"28.618200302124025","77.22329711914063",104
"16.3971004486084","80.15180206298828",102
"23.13517951965332","77.93531036376953",101
"28.663999557495118","77.27100372314453",100
"45.425018310546878","-76.36396026611328",100
"28.902099609375","77.99669647216797",98
"19.16679954528809","73.23680114746094",95
"42.99271011352539","-81.16863250732422",95
"45.39852142333984","-71.90042114257813",93
"23.303300857543947","77.96814727783203",92
"46.79814910888672","-71.24623107910156",92
"35.95677947998047","-83.94281005859375",92
"46.03507995605469","-73.45411682128906",88
"28.669200897216798","77.45379638671875",88
"16.089799880981447","80.16960144042968",86
"26.454469680786134","-80.15274810791016",86
"30.288679122924806","-81.7950668334961",83
"42.441898345947269","-73.2197036743164",83
"19.180999755859376","72.85800170898438",82
"30.197540283203126","-81.73944091796875",80
"23.243059158325197","77.79669952392578",79
"42.984718322753909","-81.2386474609375",78
"45.030418395996097","-74.69628143310547",78
"28.666099548339845","77.27400207519531",77
"45.5482292175293","-73.91372680664063",77
"45.330440521240237","-75.72454833984375",76
"19.160200119018556","72.97260284423828",74
"43.630409240722659","-79.47657012939453",73
"49.28376007080078","-123.12217712402344",70
"18.381799697875978","77.87580108642578",69
"43.690555572509769","-79.77333068847656",69
"45.56285095214844","-73.65625",69
"22.598800659179689","80.37120056152344",68
"40.40998840332031","-86.8797607421875",68
"23.04521942138672","78.88072204589844",67
"38.613548278808597","-90.29192352294922",66
"44.649658203125","-63.482208251953128",65
"42.46746826171875","-71.01284790039063",65
"45.565139770507808","-73.74465942382813",64
"44.23318099975586","-79.45619201660156",63
"8.50730037689209","76.96720123291016",62
"28.63409996032715","77.18009948730469",61
"40.3961296081543","-86.84490966796875",61
"41.38629913330078","-72.90194702148438",60
"12.96399974822998","77.4020004272461",60
"44.84177017211914","-0.6478000283241272",59
"41.877071380615237","-71.5536880493164",59
"8.496399879455567","76.9614028930664",58
"26.443750381469728","-80.16876220703125",57
"45.53557968139648","-73.271728515625",57
"18.579299926757814","73.81430053710938",57
"13.006400108337403","77.55760192871094",57
"28.66069984436035","77.26750183105469",57
"28.628999710083009","77.32099914550781",56
"49.180938720703128","-122.81128692626952",56
"43.808719635009769","-79.13067626953125",56
"19.15662956237793","74.3778076171875",55
"18.527599334716798","73.7654037475586",55
"42.64957809448242","-71.16603088378906",55
"45.55139923095703","-73.4583969116211",52
"45.54956817626953","-73.65522766113281",52
"36.006778717041019","-83.85675048828125",52
"19.21579933166504","73.15460205078125",50
"17.406999588012697","78.60199737548828",50
"17.515499114990236","78.88749694824219",48
"28.643800735473634","77.37259674072266",48
"19.16433906555176","74.23406982421875",47
"21.130399703979493","79.08989715576172",46
"30.266260147094728","-81.74604034423828",46
"19.159900665283204","72.99919891357422",46
"43.66007995605469","-79.38538360595702",45
"20.0","77.0",45
"40.411128997802737","-86.82933807373047",44
"45.5172004699707","-73.66670227050781",43
"35.970279693603519","-83.95496368408203",43
"26.48957061767578","-81.8199234008789",42
"45.61000061035156","-73.45527648925781",41
"45.707801818847659","-73.38009643554688",41
"45.53333282470703","-73.51666259765625",41
"12.958000183105469","77.67900085449219",41
"45.52180099487305","-75.27310180664063",41
"28.893800735473634","77.9052963256836",40
"45.609619140625","-73.5111312866211",40
"19.181900024414064","72.9740982055664",40
"16.236400604248048","80.05470275878906",40
"18.621999740600584","73.86900329589844",39
"16.28900909423828","80.26280212402344",39
"16.2893009185791","80.46050262451172",37
"42.037620544433597","-71.18054962158203",37
"28.654600143432618","77.23090362548828",37
"44.20133972167969","-77.59575653076172",36
"43.23175811767578","-79.7696304321289",36
"18.606000900268556","73.822998046875",36
"42.11328125","-71.78428649902344",36
"45.66442108154297","-73.77517700195313",36
"19.196760177612306","74.67664337158203",35
"45.53065872192382","-73.56786346435547",35
"42.44282913208008","-73.2663803100586",34
"46.86690139770508","-71.27301788330078",34
"46.9084587097168","-71.32066345214844",33
"18.51689910888672","73.91470336914063",33
"37.5406608581543","-122.3041534423828",33
"18.56599998474121","73.85700225830078",33
"45.571048736572269","-73.55229949951172",32
"42.45051193237305","-73.26451873779299",32
"45.60239028930664","-73.4214096069336",32
"28.43549919128418","77.32379913330078",31
"12.958399772644045","77.67939758300781",31
"45.36798858642578","-73.56372833251953",31
"35.987728118896487","-83.92086029052735",31
"22.57270050048828","88.3458023071289",30
"45.515499114990237","-73.7053985595703",30
"28.65049934387207","77.35250091552735",30
"45.37459182739258","-75.4588394165039",29
"33.422489166259769","-84.58019256591797",29
"45.65069961547851","-73.5031967163086",29
"45.7781982421875","-74.00489807128906",29
"45.523780822753909","-73.62301635742188",29
"41.35062026977539","-72.90419006347656",29
"45.53606033325195","-73.65052032470702",29
"50.07197189331055","-119.44225311279296",28
"17.345399856567384","78.8240966796875",28
"21.59052085876465","78.73487091064453",28
"36.013919830322269","-83.87242126464844",28
"21.14579963684082","79.08820343017578",28
"46.507598876953128","-80.98719787597656",27
"28.270109176635747","77.66362762451172",27
"18.624900817871099","73.85659790039063",27
"28.71960067749023","78.28790283203125",27
"36.011871337890628","-83.91838836669922",27
"45.481788635253909","-73.57557678222656",27
"28.666000366210939","77.27400207519531",26
"45.66844940185547","-73.43866729736328",25
"45.505401611328128","-73.5895004272461",25
"42.019039154052737","-71.54373168945313",25
"18.469999313354493","73.89099884033203",25
"45.60422134399414","-73.45525360107422",25
"40.54336166381836","-74.34918975830078",25
"45.62712097167969","-73.73716735839844",25
"45.44736862182618","-73.6053466796875",24
"21.465200424194337","78.45104217529299",24
"45.43381118774414","-73.2864532470703",24
"46.79269027709961","-71.24739074707031",24
"42.03279876708984","-71.21949005126953",24
"40.421661376953128","-86.8084716796875",24
"19.136999130249025","72.9010009765625",23
"17.416200637817384","78.49579620361328",23
"18.508699417114256","73.90290069580078",23
"45.59000015258789","-73.5770034790039",23
"28.644800186157228","77.24040222167968",22
"12.961000442504885","77.49700164794922",22
"43.86429977416992","-79.30919647216797",22
"45.42193984985352","-71.86830139160156",22
"45.543270111083987","-73.56816101074219",22
"45.39860153198242","-74.11646270751953",22
"28.716400146484376","77.15460205078125",22
"28.8351993560791","78.24479675292968",21
"16.31920051574707","80.41320037841797",21
"26.750600814819337","80.93460083007813",21
"17.444799423217775","78.39990234375",21
"28.684600830078126","77.48600006103516",21
"17.423900604248048","78.5103988647461",21
"13.756329536437989","100.50177001953124",21
"16.41999053955078","80.45211791992188",20
"40.03937911987305","-75.68295288085938",20
"12.964400291442873","77.62110137939453",20
"30.314599990844728","-81.68160247802735",20
"18.514400482177736","73.86540222167968",20
"8.513500213623047","76.99019622802735",20
"45.584819793701168","-73.85951232910156",20
"17.43600082397461","78.49299621582033",20
"45.56682968139648","-73.55352783203125",20
"16.2367000579834","80.64749908447266",20
"30.18769073486328","-81.60394287109375",19
"28.57889938354492","77.16510009765625",19
"8.502900123596192","76.9542007446289",19
"45.25447845458984","-74.12946319580078",19
"19.132400512695314","72.9520034790039",19
"45.63093948364258","-73.8412094116211",18
"19.095199584960939","74.74960327148438",18
"30.21789932250977","-81.832763671875",18
"17.402000427246095","78.56199645996094",18
"17.42799949645996","78.53900146484375",18
"45.52988052368164","-73.59565734863281",18
"26.52433967590332","81.49449157714844",17
"17.464000701904298","78.4280014038086",17
"26.37504005432129","-81.7940902709961",17
"45.51433181762695","-73.56806182861328",17
"42.82590103149414","-70.98603057861328",17
"17.3764705657959","79.02159881591797",17
"45.49903869628906","-73.57527160644531",17
"26.261999130249025","81.54660034179688",16
"19.094900131225584","72.8864974975586",16
"47.84000015258789","-69.54000091552735",16
"18.62299919128418","73.802001953125",16
"19.174100875854493","73.64769744873047",16
"46.80936050415039","-71.21851348876953",16
"18.89550018310547","73.9021987915039",16
"11.663999557495116","78.26100158691406",16
"23.34410095214844","85.30960083007813",15
"45.42250061035156","-75.68472290039063",15
"18.57889938354492","73.77069854736328",15
"28.6018009185791","77.29219818115236",15
"45.559078216552737","-73.69989776611328",15
"26.60457992553711","81.36327362060547",15
"45.51863861083984","-73.6246337890625",15
"28.632749557495118","77.3935317993164",15
"17.488000869750978","78.35600280761719",15
"43.814659118652347","-79.34493255615236",15
"17.08329963684082","78.2995834350586",15
"26.53986930847168","75.09031677246094",15
"35.990028381347659","-83.91651153564453",14
"45.548099517822269","-73.74700164794922",14
"20.234949111938478","73.89335632324219",14
"20.627140045166017","73.27063751220702",14
"8.902870178222657","76.6270523071289",14
"17.413799285888673","78.4397964477539",14
"18.50860023498535","73.83170318603516",14
"19.13949966430664","73.84249877929688",14
"49.28165817260742","-123.12532806396485",14
"18.56800079345703","73.91400146484375",14
"30.35059928894043","-81.69377899169922",13
"8.72700023651123","77.68499755859375",13
"45.62194061279297","-73.52086639404299",13
"32.94820022583008","-96.72949981689453",13
"49.21538162231445","-122.9885025024414",13
"14.670559883117676","-17.442779541015626",13
"17.39739990234375","78.60250091552735",13
"45.723979949951168","-73.46672058105469",13
"45.53501892089844","-73.44844818115236",13
"33.42512893676758","-84.56838989257813",13
"17.448299407958986","78.3915023803711",13
"28.76329040527344","78.00099182128906",12
"28.645000457763673","77.23999786376953",12
"45.50996017456055","-73.57341003417968",12
"19.136499404907228","72.90139770507813",12
"45.58330154418945","-73.74539947509767",12
"43.859901428222659","-79.32579803466797",12
"17.43600082397461","78.55999755859375",12
"17.407400131225587","78.45670318603516",12
"40.720218658447269","-75.29972839355469",12
"25.619579315185548","85.2851791381836",12
"18.67300033569336","73.88899993896485",12
"45.57754135131836","-72.00231170654297",12
"12.953700065612792","77.57769775390625",12
"43.0942497253418","-79.06977844238281",12
"17.4950008392334","78.39199829101563",11
"13.008000373840332","77.63099670410156",11
"44.779998779296878","-75.37000274658203",11
"19.167999267578126","72.96800231933594",11
"12.364230155944825","-1.5383399724960328",11
"45.65428924560547","-73.53250122070313",11
"33.856021881103519","-84.21367645263672",11
"35.27920913696289","-80.95516204833985",11
"28.54990005493164","77.34970092773438",11
"45.52634048461914","-73.56289672851563",11
"12.963000297546389","77.66000366210938",11
"45.89836883544922","-74.16187286376953",11
"19.059999465942384","72.88999938964844",11
"26.110870361328126","-80.2273178100586",11
"32.911869049072269","-96.71511840820313",11
"49.900001525878909","2.299999952316284",11
"28.66160011291504","77.27459716796875",11
"19.241300582885747","74.02559661865236",11
"45.500850677490237","-73.61759185791016",11
"18.503400802612306","73.86689758300781",11
"12.965999603271485","77.66999816894531",10
"45.40515899658203","-71.89559173583985",10
"17.409500122070314","78.46949768066406",10
"48.8602294921875","2.3410699367523195",10
"25.900529861450197","-80.14910125732422",10
"18.47929954528809","73.87129974365236",10
"19.160999298095704","73.6624984741211",10
"17.391000747680665","78.43699645996094",10
"45.377788543701168","-74.01844787597656",10
"28.614999771118165","77.31199645996094",10
"45.606098175048838","-73.63890075683594",10
"18.972700119018556","74.0740966796875",10
"20.688310623168947","72.93128967285156",10
"35.96928024291992","-83.941162109375",10
"45.59048843383789","-73.69422912597656",10
"41.99483871459961","-71.24398803710938",9
"18.534000396728517","73.80999755859375",9
"25.206890106201173","85.36399841308594",9
"45.42414855957031","-75.68553161621094",9
"45.49386978149414","-73.58891296386719",9
"46.811161041259769","-71.21592712402344",9
"46.0","25.0",9
"19.00279998779297","74.43840026855469",9
"45.464698791503909","-73.5637969970703",9
"45.493309020996097","-73.6021728515625",9
"21.597400665283204","78.52839660644531",9
"45.5111198425293","-73.55609130859375",9
"45.50138092041016","-73.57962036132813",9
"45.254051208496097","-75.6141128540039",9
"17.441999435424806","78.57599639892578",9
"36.02762985229492","-83.8572006225586",9
"28.649999618530275","77.3030014038086",9
"45.53981018066406","-73.63067626953125",9
"40.39421081542969","-86.84752655029299",9
"28.619800567626954","77.36119842529299",9
"45.49813079833984","-73.58004760742188",8
"18.471799850463868","73.86710357666016",8
"40.42041015625","-86.87457275390625",8
"18.56319999694824","73.7771987915039",8
"42.178070068359378","-71.20992279052735",8
"45.40509033203125","-71.87991333007813",8
"13.0","-2.0",8
"28.60810089111328","77.22650146484375",8
"12.959199905395508","77.69740295410156",8
"41.83005142211914","-72.73355102539063",8
"28.64900016784668","77.22799682617188",8
"45.500038146972659","-73.58187866210938",8
"45.500770568847659","-73.55782318115236",8
"45.51567077636719","-73.56910705566406",8
"45.77159881591797","-108.4962921142578",8
"8.709099769592286","77.7738037109375",8
"18.571300506591798","73.81990051269531",8
"19.11400032043457","72.87000274658203",8
"45.497039794921878","-73.65415954589844",8
"45.45785140991211","-73.74947357177735",8
"12.962900161743164","77.65950012207033",8
"18.627500534057618","73.74500274658203",8
"45.44646835327149","-73.5997314453125",8
"28.58209991455078","77.24849700927735",8
"45.51633071899414","-73.56002807617188",7
"47.52006912231445","-52.779090881347659",7
"53.30799865722656","-113.58399963378906",7
"19.137300491333009","72.89730072021485",7
"21.864709854125978","78.49365997314453",7
"21.087299346923829","79.01360321044922",7
"18.472000122070314","73.86699676513672",7
"43.702091217041019","-79.51397705078125",7
"18.511199951171876","73.91609954833985",7
"18.53179931640625","73.88059997558594",7
"21.12310028076172","79.06729888916016",7
"25.61050033569336","85.1417007446289",7
"17.441999435424806","78.46900177001953",7
"28.715700149536134","77.13510131835938",7
"18.60610008239746","73.82279968261719",7
"19.10460090637207","73.02279663085938",7
"19.500469207763673","74.46675109863281",7
"32.95785903930664","-96.6452407836914",7
"17.253000259399415","78.48699951171875",7
"26.83392906188965","81.3313980102539",7
"45.55427932739258","-73.55081176757813",7
"17.51799964904785","78.42500305175781",6
"40.64611053466797","22.94972038269043",6
"18.67300033569336","73.8479995727539",6
"25.39543914794922","85.34333801269531",6
"32.94934844970703","-96.7155990600586",6
"12.982000350952149","77.60600280761719",6
"45.446510314941409","-73.44022369384764",6
"45.50577926635742","-73.62088775634764",6
"18.506999969482427","73.80799865722656",6
"19.641639709472658","74.48187255859375",6
"42.888301849365237","-78.8853988647461",6
"19.520959854125978","74.0479965209961",6
"40.40753936767578","-86.8340072631836",6
"45.49734878540039","-73.56128692626953",6
"18.532499313354493","73.8375015258789",6
"17.410999298095704","78.46299743652344",6
"19.442150115966798","74.05938720703125",6
"47.43844985961914","-70.52201843261719",6
"45.50157165527344","-73.6246109008789",6
"37.62253189086914","-122.3977508544922",6
"19.338970184326173","74.29714965820313",6
"45.62717056274414","-73.49565124511719",6
"21.744159698486329","78.5973129272461",6
"44.43655014038086","26.099349975585939",5
"12.904500007629397","80.1594009399414",5
"18.489999771118165","73.81999969482422",5
"37.779388427734378","-122.41773986816406",5
"45.512001037597659","-73.60299682617188",5
"36.0018310546875","-83.91990661621094",5
"26.645509719848634","80.98158264160156",5
"25.62116050720215","85.4046630859375",5
"17.405399322509767","78.47380065917968",5
"45.504398345947269","-73.5522232055664",5
"45.516090393066409","-73.57039642333985",5
"18.644800186157228","73.88600158691406",5
"42.25","-82.43000030517578",5
"45.507808685302737","-73.6203384399414",5
"19.200000762939454","72.84300231933594",5
"16.306699752807618","80.4365005493164",5
"45.51879119873047","-73.58112335205078",5
"35.21335983276367","-80.82620239257813",5
"45.59099960327149","-73.57649993896485",5
"45.64348983764648","25.600200653076173",5
"45.771240234375","-73.99803924560547",5
"28.627599716186525","77.27839660644531",5
"38.98371887207031","-77.38275909423828",5
"17.486499786376954","78.61119842529299",5
"51.22769927978515","6.773499965667725",5
"45.52714157104492","-73.59255981445313",5
"33.99700164794922","-6.8460001945495609",5
"17.386999130249025","78.4990005493164",5
"45.50090026855469","-73.61969757080078",5
"45.54207992553711","-73.6075668334961",5
"45.533660888671878","-73.4640884399414",5
"17.506099700927736","78.41950225830078",5
"45.50664138793945","-73.6123275756836",5
"45.50279998779297","-73.47419738769531",5
"43.642921447753909","-79.41320037841797",5
"19.057449340820314","74.23406982421875",5
"18.56399917602539","73.81900024414063",4
"17.367799758911134","78.43289947509767",4
"45.483158111572269","-72.75920104980469",4
"45.86820983886719","-74.00064849853516",4
"19.28965950012207","74.73078155517578",4
"33.4210205078125","-84.57588195800781",4
"45.52033996582031","-73.48246002197266",4
"26.7814998626709","80.91519927978516",4
"26.432310104370118","81.75955963134764",4
"45.50239181518555","-73.56816101074219",4
"20.6766300201416","-103.34616088867188",4
"20.968809127807618","73.30896759033203",4
"45.464900970458987","-73.5637969970703",4
"17.381999969482423","78.4739990234375",4
"19.111000061035158","72.87809753417968",4
"45.55941009521485","-73.4335708618164",4
"45.527690887451168","-73.5855484008789",4
"45.379398345947269","-73.5399169921875",4
"49.265621185302737","-123.24446868896485",4
"45.523399353027347","-73.60591888427735",4
"28.92289924621582","78.23100280761719",4
"17.36199951171875","78.46600341796875",4
"46.811309814453128","-71.21497344970703",4
"45.62813949584961","-73.81932830810547",4
"11.708080291748049","78.41123962402344",4
"28.601900100708009","77.2031021118164",4
"19.256900787353517","73.98648834228516",4
"28.660999298095704","77.26799774169922",4
"45.631099700927737","-73.57392883300781",4
"19.119199752807618","73.97149658203125",4
"25.221799850463868","85.2282485961914",4
"45.51765060424805","-73.57540130615236",4
"45.50730895996094","-73.56610870361328",4
"45.267379760742198","-75.82984161376953",4
"45.483001708984378","-73.43299865722656",4
"25.41790008544922","85.168701171875",4
"45.56032180786133","-73.83944702148438",4
"12.901000022888184","80.22789764404299",4
"26.355939865112306","82.09381866455078",4
"39.043701171875","-77.47419738769531",4
"45.34527969360352","-73.64814758300781",4
"29.149200439453126","75.7217025756836",4
"28.590499877929689","77.2031021118164",4
"45.49803924560547","-73.65116119384764",4
"19.097999572753904","72.87449645996094",4
"45.47901916503906","-73.3101806640625",4
"43.95970153808594","-71.04530334472656",4
"25.197999954223634","85.52189636230469",4
"45.383419036865237","-71.9258804321289",4
"41.36970138549805","-72.95905303955078",4
"28.628000259399419","77.27899932861328",4
"45.60029983520508","-73.59500122070313",4
"16.506200790405275","80.64800262451172",4
"18.54199981689453","73.78700256347656",4
"17.483999252319337","78.36000061035156",4
"44.24763870239258","-76.40898132324219",4
"19.062999725341798","73.91500091552735",3
"8.244600296020508","77.33674621582033",3
"45.51105880737305","-73.62419128417968",3
"45.1480598449707","26.823339462280275",3
"45.49610137939453","-73.87560272216797",3
"12.904999732971192","77.4209976196289",3
"16.139699935913087","80.12249755859375",3
"23.07843017578125","77.90245819091797",3
"45.50687026977539","-73.56065368652344",3
"18.59239959716797","73.8478012084961",3
"17.39430046081543","78.4822998046875",3
"33.76567840576172","-84.29630279541016",3
"44.4658088684082","26.10856056213379",3
"45.60020065307618","-73.71600341796875",3
"45.496429443359378","-73.62035369873047",3
"45.50674057006836","-73.57601928710938",3
"28.569120407104493","-81.83998107910156",3
"25.571439743041993","85.34980010986328",3
"17.44470977783203","78.99739837646485",3
"18.57900047302246","73.81400299072266",3
"45.523799896240237","-73.49199676513672",3
"45.49837875366211","-73.58383178710938",3
"45.50374984741211","-73.58255004882813",3
"45.49369812011719","-73.62006378173828",3
"28.63400077819824","77.21299743652344",3
"20.93115997314453","73.42391204833985",3
"34.69300079345703","-77.12699890136719",3
"26.618980407714845","81.14028930664063",3
"12.980999946594239","77.61599731445313",3
"28.939699172973634","77.77950286865236",3
"26.74880027770996","81.7488021850586",3
"17.39900016784668","78.49629974365236",3
"26.338640213012697","81.17198944091797",3
"46.34270095825195","-72.54415130615236",3
"-21.933610916137697","-42.608612060546878",3
"38.7130012512207","-78.15899658203125",3
"19.125","72.87300109863281",3
"45.48448944091797","-73.63278198242188",3
"45.19229888916016","-72.70230102539063",3
"13.019700050354004","77.57050323486328",3
"45.56837844848633","-73.42462921142578",3
"17.389299392700197","78.4843978881836",3
"19.106399536132814","72.88990020751953",3
"52.831199645996097","-119.26429748535156",3
"12.94499969482422","77.68399810791016",3
"49.277610778808597","-123.12680816650392",3
"13.019780158996582","77.3833999633789",3
"45.60839080810547","-73.35885620117188",3
"45.55192947387695","-73.55567932128906",3
"19.14992904663086","74.13977813720702",3
"34.69327163696289","-77.13855743408203",3
"45.50970077514648","-73.61730194091797",3
"45.45000076293945","-73.75",3
"28.535499572753904","77.39099884033203",3
"45.57440948486328","-73.57898712158203",3
"12.972000122070313","77.64099884033203",2
"45.535160064697269","-73.37004852294922",2
"45.69361877441406","-122.57476806640624",2
"18.48699951171875","73.7969970703125",2
"18.56089973449707","73.88310241699219",2
"49.26438903808594","-123.24603271484377",2
"45.526508331298838","-73.6129379272461",2
"38.619651794433597","-90.34076690673827",2
"19.14859962463379","72.881103515625",2
"19.177019119262697","73.56971740722656",2
"46.367000579833987","-75.96700286865236",2
"33.42409133911133","-84.58000946044922",2
"49.892459869384769","-97.14051055908205",2
"45.10499954223633","-72.61499786376953",2
"45.50529861450195","-73.61730194091797",2
"18.503999710083009","73.9010009765625",2
"45.56280899047851","-73.43335723876953",2
"50.88800048828125","-114.097900390625",2
"18.635400772094728","73.8125",2
"48.498661041259769","-70.99903869628906",2
"19.150999069213868","72.93150329589844",2
"28.60460090637207","77.30680084228516",2
"45.644901275634769","-73.654296875",2
"45.670501708984378","-73.93479919433594",2
"45.62786102294922","-73.75493621826172",2
"18.567899703979493","73.91429901123047",2
"34.09054183959961","-84.21827697753906",2
"22.752370834350584","72.57962799072266",2
"17.371700286865236","78.45600128173828",2
"45.71614837646485","-73.5470962524414",2
"18.56369972229004","73.81939697265625",2
"45.52264022827149","-73.60196685791016",2
"40.7589111328125","-73.97901916503906",2
"45.600730895996097","-73.24183654785156",2
"45.5383186340332","-73.62799072265625",2
"45.52172088623047","-73.57991790771485",2
"13.010199546813965","77.57769775390625",2
"45.536861419677737","-73.51229858398438",2
"43.34577941894531","-79.9359130859375",2
"45.57971954345703","-73.48783111572266",2
"49.20220184326172","-122.90930938720705",2
"45.69961929321289","-73.637451171875",2
"29.254079818725584","78.11937713623047",2
"50.213321685791019","19.006999969482427",2
"45.52711868286133","-73.58281707763672",2
"45.63470077514648","-73.6406021118164",2
"45.476898193359378","-73.61580657958985",2
"45.49536895751953","-73.57943725585938",2
"25.435169219970704","85.2916488647461",2
"8.170000076293946","77.43000030517578",2
"45.52035140991211","-73.58824157714844",2
"19.117000579833986","72.90599822998047",2
"19.117799758911134","72.87370300292968",2
"12.92039966583252","77.63569641113281",2
"50.65581130981445","-120.38688659667968",2
"18.583499908447267","73.8864974975586",2
"16.31999969482422","80.42990112304688",2
"28.076759338378904","77.3453598022461",2
"44.07099914550781","-81.5780029296875",2
"49.91609954833984","-74.3666000366211",2
"13.041000366210936","80.1989974975586",2
"40.389938354492198","-86.87751007080078",2
"44.91669845581055","27.0",2
"19.59579086303711","74.50385284423828",2
"48.92731857299805","2.2156200408935549",2
"46.81262969970703","-71.21558380126953",2
"45.50164031982422","-73.58460998535156",1
"46.09681701660156","-71.30992889404297",1
"12.844799995422364","80.22550201416016",1
"45.63098907470703","-73.38130950927735",1
"19.126699447631837","72.87670135498047",1
"18.531999588012697","73.88099670410156",1
"45.51755905151367","-73.58525085449219",1
"45.50265884399414","-73.59577178955078",1
"45.4781494140625","-73.55081939697266",1
"45.537078857421878","-73.67884063720703",1
"45.55939865112305","-73.72470092773438",1
"18.53219985961914","73.85070037841797",1
"13.022500038146973","80.20320129394531",1
"13.908610343933104","76.32898712158203",1
"45.53047180175781","-73.57042694091797",1
"45.51390075683594","-73.60649871826172",1
"44.46390914916992","-72.7455825805664",1
"49.26205825805664","-123.23908996582033",1
"26.453649520874025","-80.13461303710938",1
"45.58066177368164","-73.5205307006836",1
"45.60102081298828","-73.51412200927735",1
"45.54745864868164","-73.57150268554688",1
"33.403770446777347","-84.56851196289063",1
"18.664100646972658","73.9095001220703",1
"45.64179992675781","-73.49009704589844",1
"45.73432922363281","-73.59532165527344",1
"45.567569732666019","-73.89485931396485",1
"45.49702072143555","-73.57829284667968",1
"18.52779960632324","73.93299865722656",1
"45.52410888671875","-73.49154663085938",1
"45.89936065673828","-73.66575622558594",1
"46.90946960449219","-71.32685089111328",1
"45.42530059814453","-73.64459991455078",1
"17.30360984802246","78.72920227050781",1
"45.5312614440918","-73.55387878417968",1
"17.29450035095215","78.46810150146485",1
"45.52043151855469","-73.37628936767578",1
"45.50315856933594","-73.50993347167968",1
"36.02421951293945","-83.80027770996094",1
"49.28108978271485","-123.00180816650392",1
"12.961000442504885","77.63870239257813",1
"45.481781005859378","-73.56141662597656",1
"45.68341827392578","-73.87065124511719",1
"48.58000183105469","-68.18000030517578",1
"45.852638244628909","-73.23432922363281",1
"45.32889938354492","-75.92500305175781",1
"45.499969482421878","-73.57588958740233",1
"28.836700439453126","78.37711334228516",1
"18.554000854492189","73.83899688720702",1
"38.612308502197269","-90.28968048095705",1
"13.11299991607666","80.18399810791016",1
"45.504791259765628","-73.38487243652344",1
"17.433000564575197","78.59500122070313",1
"18.731000900268556","73.85299682617188",1
"12.961000442504885","77.64700317382813",1
"45.599998474121097","-73.26239776611328",1
"45.534889221191409","-73.71253967285156",1
"32.21295166015625","-80.72564697265625",1
"46.78150177001953","-71.35440063476563",1
"18.594999313354493","73.80000305175781",1
"46.720001220703128","-72.56999969482422",1
"45.54127883911133","-73.49073791503906",1
"18.488500595092775","73.95719909667968",1
"19.176610946655275","74.11077880859375",1
"46.75","23.38330078125",1
"45.46183013916016","-73.63272094726563",1
"12.958000183105469","80.1760025024414",1
"45.753231048583987","21.231029510498048",1
"45.55778121948242","-73.57244110107422",1
"46.812278747558597","-71.3720932006836",1
"49.40581130981445","-99.85706329345705",1
"45.523681640625","-73.33641052246094",1
"23.356969833374025","85.33537292480469",1
"45.55849838256836","-73.79350280761719",1
"19.115610122680665","74.17243957519531",1
"18.529600143432618","73.82599639892578",1
"21.10930061340332","78.99099731445313",1
"45.602298736572269","-73.58619689941406",1
"45.58926010131836","-73.2155990600586",1
"45.52447891235352","-73.60932159423828",1
"45.50469970703125","-73.62389373779299",1
"45.52824020385742","-73.59139251708985",1
"18.580699920654298","73.82869720458985",1
"28.63249969482422","77.43579864501953",1
"19.097999572753904","72.875",1
"16.11479949951172","80.3324966430664",1
"45.503910064697269","-73.59030151367188",1
"26.859119415283204","81.19541931152344",1
"26.7810001373291","80.99819946289063",1
"45.50862121582031","-73.28224182128906",1
"46.03450012207031","-74.27317810058594",1
"13.071000099182128","80.21119689941406",1
"45.53636932373047","-73.60298919677735",1
"45.60689926147461","-73.34603881835938",1
"18.492000579833986","73.93450164794922",1
"46.20980072021485","-74.58529663085938",1
"21.115699768066408","79.0447006225586",1
"36.83919906616211","10.157699584960936",1
"45.50764083862305","-73.56987762451172",1
"45.839080810546878","-73.42939758300781",1
"45.54996871948242","-73.49846649169922",1
"32.95249938964844","-96.73522186279299",1
"45.69340133666992","-73.65640258789063",1
"18.030000686645509","-63.04600143432618",1
"48.41579818725586","-89.26730346679688",1
"45.47650146484375","-75.70130157470702",1
"17.47195053100586","78.79583740234375",1
"18.63400077819824","73.85199737548828",1
"48.45133972167969","-68.5270767211914",1
"26.410999298095704","81.85079956054688",1
"45.4980583190918","-73.58892059326172",1
"45.51205062866211","-73.62486267089844",1
"45.442779541015628","-73.25379943847656",1
